id;name;mobile_number;address;created_date
1;mission-critical;Frozen reboot;Towels;2020-04-14
2;South Carolina;Officer;bandwidth;2020-04-14
3;Unbranded Philippine Peso Adaptive;Sausages Port product;e-business Tasty;2020-04-14
4;Profound New York;Flat;Michigan customized Kids;2020-04-13
5;Chief secondary;Jewelery paradigms payment;engineer index;2020-04-13
6;connecting withdrawal;Checking Account Republic of Korea;connecting Principal;2020-04-14
7;Programmable Money Market Account Small;Intranet;Villages Avon;2020-04-14
8;e-services withdrawal;Practical;Tasty Checking Account calculate;2020-04-13
9;Togo JBOD;Indiana California;Rustic withdrawal yellow;2020-04-14
10;Small Cotton Towels invoice;Representative;SAS Argentina Cross-group;2020-04-14
